temperatura_interna,temperatura_externa,integridade_estrutural,nivel_energia,pressao_tanque,modulo_navegacao,modulo_propulsao,modulo_comunicacao,status_lancamento
27.483570765056164,29.261775475316412,1,88.65293552250729,99.07237276885041,OK,OK,FALHA,DECOLAGEM ABORTADA
24.308678494144075,39.094166404701305,1,62.883373439946936,97.74353078322825,OK,OK,OK,DECOLAGEM ABORTADA
28.23844269050346,6.0143242618085875,1,62.85026911061034,100.95752353125754,OK,OK,OK,DECOLAGEM ABORTADA
32.61514928204013,25.629692366905708,1,60.4843390093955,104.02135133806944,FALHA,OK,OK,DECOLAGEM ABORTADA
23.829233126383322,13.493574308781731,0,98.2600559319792,94.37448259106277,OK,OK,OK,DECOLAGEM ABORTADA
23.8293152152541,15.128746162353039,1,89.50033437836028,100.34507823744225,OK,OK,OK,PRONTO PARA DECOLAR
32.896064077536955,14.076060757611309,1,74.13005634008256,99.51960161330008,OK,OK,OK,DECOLAGEM ABORTADA
28.837173645764544,11.36009230320184,1,71.86142325150621,102.0140202293514,OK,FALHA,OK,DECOLAGEM ABORTADA
22.65262807032524,20.48521627944827,1,73.98812918983398,100.63958988471306,OK,OK,OK,DECOLAGEM ABORTADA
27.712800217929825,11.690498835889622,1,90.98614124724728,97.74409200478354,OK,OK,OK,PRONTO PARA DECOLAR
22.682911535937688,22.70456825779839,1,86.45482444281657,99.04283819300015,OK,OK,OK,PRONTO PARA DECOLAR
22.671351232148716,19.49761890550863,1,67.40782271469871,97.61192242958953,OK,OK,OK,DECOLAGEM ABORTADA
26.20981135783017,17.610519531335903,1,66.96437341336338,103.2280214157958,OK,OK,OK,DECOLAGEM ABORTADA
15.43359877671101,10.92436337958402,1,63.935825988535896,100.06393494601582,OK,OK,OK,DECOLAGEM ABORTADA
16.375410837434835,14.232286694316674,1,86.41210878805353,105.70357205725902,OK,OK,OK,DECOLAGEM ABORTADA
22.188562353795135,27.55391225825756,1,90.57490648886943,99.81801755855614,OK,OK,OK,PRONTO PARA DECOLAR
19.93584439832788,25.00917187624381,1,70.60185713300017,97.87477969926861,OK,OK,OK,DECOLAGEM ABORTADA
26.571236662976368,10.224447552014489,1,60.837798441236515,95.45885682216152,OK,OK,OK,DECOLAGEM ABORTADA
20.459879622393945,20.993323054292258,1,63.28686669905709,94.59058097123217,OK,OK,OK,DECOLAGEM ABORTADA
17.938481493323543,27.51387123371789,1,98.71440139380121,95.24759217098352,OK,FALHA,OK,DECOLAGEM ABORTADA
32.32824384460777,3.305947188786284,1,71.81779109909681,100.80137995303446,OK,FALHA,OK,DECOLAGEM ABORTADA
23.871118497567323,25.43360192379935,1,90.76892591352535,101.5261750696898,OK,OK,OK,PRONTO PARA DECOLAR
25.33764102343962,13.373762410541534,1,84.98654275417056,95.2564278939036,OK,OK,OK,PRONTO PARA DECOLAR
17.87625906893272,25.70598668593159,1,75.27758558611583,102.68511494222835,OK,OK,OK,DECOLAGEM ABORTADA
22.278086377374088,12.36740843457483,1,68.22749048782221,98.55081684494968,OK,OK,OK,DECOLAGEM ABORTADA
25.55461294854933,1.9511789933548087,1,64.85545672637626,100.44037903595665,OK,OK,OK,DECOLAGEM ABORTADA
19.245032112888488,3.7245756211683734,1,84.60051872155466,104.83666188476627,OK,OK,OK,PRONTO PARA DECOLAR
26.87849009172836,20.48084946661382,1,90.98535122551152,102.69051794759659,OK,OK,OK,PRONTO PARA DECOLAR
21.996806550405974,22.597225017214818,1,85.75617014164523,99.1944080562825,OK,OK,FALHA,DECOLAGEM ABORTADA
23.541531251033618,10.956833748955914,1,81.21208532996633,97.32642332375414,OK,OK,OK,PRONTO PARA DECOLAR
21.991466938853016,26.38592458777374,1,61.67804893726545,93.54455379601208,OK,OK,OK,DECOLAGEM ABORTADA
34.26139092254469,3.384799377310401,1,98.73955110377536,97.84254004227274,OK,OK,OK,PRONTO PARA DECOLAR
24.93251387631033,19.339202013526833,1,91.94856766618298,99.36660928351692,OK,OK,OK,PRONTO PARA DECOLAR
19.711445355220498,7.889838002375434,1,71.71288146803859,97.03846141854645,OK,OK,OK,DECOLAGEM ABORTADA
29.112724560515943,13.481638921978409,1,99.19881317435403,99.60622909872309,OK,OK,OK,PRONTO PARA DECOLAR
18.895781750144888,20.47398671316414,1,84.07526358545289,100.2305556488763,OK,OK,OK,PRONTO PARA DECOLAR
26.044317975023777,11.395866347160476,1,83.29690632828985,99.32543205457577,OK,OK,OK,PRONTO PARA DECOLAR
15.201649380601122,16.154444557701748,1,89.9229271771813,98.04999225752962,OK,OK,OK,PRONTO PARA DECOLAR
18.359069755507846,30.062928092144404,1,92.4707915236055,100.50596401590019,OK,OK,OK,PRONTO PARA DECOLAR
25.984306179345616,14.231081304768512,1,86.2591442932601,101.32582194870822,FALHA,OK,OK,DECOLAGEM ABORTADA
28.692332899977053,28.356921120651418,1,65.123829854648,96.72880276767147,OK,OK,OK,DECOLAGEM ABORTADA
25.85684140594985,8.702931453423819,1,73.53070023977993,104.23279713923881,OK,OK,OK,DECOLAGEM ABORTADA
24.421758588058797,25.29804177915283,1,97.12334561304199,99.70423560314721,OK,OK,OK,PRONTO PARA DECOLAR
23.494481522053555,34.415686206579004,0,68.98462447375408,100.05654886883454,OK,OK,OK,DECOLAGEM ABORTADA
17.607390048162863,-4.716445001272895,1,74.88668095350053,102.12464326976968,OK,OK,OK,DECOLAGEM ABORTADA
21.400778958026457,12.031047445295233,1,77.28307531776784,100.69964839379051,OK,OK,OK,DECOLAGEM ABORTADA
22.696806145201062,25.7707212718054,1,77.57619958777809,102.85940990173974,OK,OK,FALHA,DECOLAGEM ABORTADA
30.285611131094576,17.969546139570074,1,84.51758329978102,100.86137249560548,OK,OK,OK,PRONTO PARA DECOLAR
26.71809144784231,23.711458733713087,1,97.72303350978831,98.16268787607869,OK,OK,OK,PRONTO PARA DECOLAR
16.18479922318633,13.960148132841795,1,69.6277084733002,101.08451057561831,OK,OK,OK,DECOLAGEM ABORTADA
26.620419846973974,20.865897874729,1,64.86005505203673,96.56882137803801,OK,OK,OK,DECOLAGEM ABORTADA
23.074588597918417,18.443227646079205,1,67.8988195943975,100.32567911732957,OK,OK,OK,DECOLAGEM ABORTADA
21.615389998470206,31.677820616598073,1,95.47699600837078,99.90031002806661,OK,FALHA,OK,DECOLAGEM ABORTADA
28.05838144420434,22.54420843301213,0,85.83243250620825,99.37564942818238,OK,OK,OK,DECOLAGEM ABORTADA
30.154997612479754,23.37602662075202,1,71.4362715695664,99.61438746568321,OK,OK,OK,DECOLAGEM ABORTADA
29.656400595580994,15.881230338775326,1,92.63787755874469,94.35445286350708,FALHA,OK,OK,DECOLAGEM ABORTADA
20.803912383886807,15.123937759275066,1,94.45479985453744,98.35382527677712,OK,OK,OK,PRONTO PARA DECOLAR
23.453938120743928,15.674418121803791,1,93.86057354761112,100.27853470342335,OK,OK,OK,PRONTO PARA DECOLAR
26.65631715701782,23.94452142378297,1,96.75706134558217,100.4795691759922,OK,OK,OK,PRONTO PARA DECOLAR
29.877725635611796,15.790155191797371,1,70.08964080693447,96.91697457722212,OK,OK,OK,DECOLAGEM ABORTADA
22.60412881077355,22.89774856896413,1,90.20167714985114,103.7971235225941,OK,OK,OK,PRONTO PARA DECOLAR
24.071705116680914,40.75400798645439,1,78.4215798909656,97.4014754553565,OK,OK,OK,DECOLAGEM ABORTADA
19.46832512996986,28.711247034316923,1,93.67994211560246,102.90837160158021,OK,OK,OK,PRONTO PARA DECOLAR
19.018966879596647,16.73976467832159,1,89.13962708646453,101.28158308561505,OK,OK,OK,PRONTO PARA DECOLAR
29.062629111970992,32.012139221639444,1,91.05789785998898,98.06131807046859,OK,OK,OK,PRONTO PARA DECOLAR
31.781200142854114,15.919246269784486,1,86.24647350724285,105.32593267782853,OK,OK,OK,DECOLAGEM ABORTADA
24.63994939209833,-0.3812453517785386,1,67.09715077878828,96.41908950473056,OK,OK,OK,DECOLAGEM ABORTADA
30.01766448946012,9.919136890825959,1,81.80107675587753,102.75746252083,OK,OK,OK,PRONTO PARA DECOLAR
26.80818012523817,1.2920807897414441,1,99.38678958098032,103.00174695412893,OK,OK,OK,PRONTO PARA DECOLAR
21.77440122697438,16.484865159586914,1,97.49552265988476,97.98813937277006,OK,OK,OK,PRONTO PARA DECOLAR
26.80697802754207,20.184183791895517,1,61.72694943188047,104.17739590019299,OK,OK,OK,DECOLAGEM ABORTADA
32.690182832329846,36.76437312275283,1,66.59259262917749,99.24986045620314,OK,OK,OK,DECOLAGEM ABORTADA
24.820869804450243,23.269273737641626,1,65.26915093818248,100.86608088783957,OK,OK,OK,DECOLAGEM ABORTADA
32.82321827907003,17.808994711911357,1,89.03919639941182,100.78096551631366,OK,OK,OK,PRONTO PARA DECOLAR
11.901274479551278,28.29405581183489,1,92.71141319427781,99.59707377558836,OK,OK,OK,DECOLAGEM ABORTADA
29.10951252187612,-2.1113530900788504,1,68.54045465242687,102.43242481947935,OK,OK,OK,DECOLAGEM ABORTADA
25.435235341190857,22.35614558108566,1,80.23410771807316,102.38046616165664,OK,OK,OK,PRONTO PARA DECOLAR
23.504963247670663,27.708651938869668,1,93.628121120448,94.75440408028545,OK,OK,OK,DECOLAGEM ABORTADA
25.45880388267751,5.214137542201584,1,89.31206179065002,103.91302072863446,OK,FALHA,OK,DECOLAGEM ABORTADA
15.062155426995536,31.43754043206929,1,81.68948821967393,95.01252403589298,OK,OK,OK,PRONTO PARA DECOLAR
23.90164056081244,23.38496407494414,1,83.61390761835091,103.09763861302497,OK,OK,OK,PRONTO PARA DECOLAR
26.78556285755873,15.847120860991987,1,80.33442187665119,103.38011541048274,OK,OK,OK,PRONTO PARA DECOLAR
32.38947022370758,26.32781866106285,1,71.90193805275283,96.7271007093544,OK,FALHA,OK,DECOLAGEM ABORTADA
22.40864890863176,42.70692857804396,1,82.60087971436064,98.76755713613625,OK,OK,OK,DECOLAGEM ABORTADA
20.95753198553406,21.818662550584953,1,87.55541208200363,96.68288599454219,OK,OK,OK,PRONTO PARA DECOLAR
22.491214782077318,22.48220586300336,1,94.9329166344323,99.3552369091338,OK,OK,OK,PRONTO PARA DECOLAR
29.57701058851037,15.406391004597559,1,85.45165415916992,99.07589714744277,OK,OK,OK,PRONTO PARA DECOLAR
26.643755548298422,11.501556305352082,1,90.44486148172632,102.33898159680803,OK,OK,OK,PRONTO PARA DECOLAR
22.351198981164806,28.303358165442454,1,66.40286539818293,103.93092623835882,OK,FALHA,OK,DECOLAGEM ABORTADA
27.56633716556678,11.439161740911327,1,78.4622989767916,104.18705143236987,OK,OK,OK,DECOLAGEM ABORTADA
25.4853877467402,20.715662372193925,1,60.373264793083735,98.3134959202651,OK,OK,OK,DECOLAGEM ABORTADA
29.843224952664446,15.223425532348834,1,69.86715458086492,99.37233437876641,OK,OK,OK,DECOLAGEM ABORTADA
21.489734530613237,24.789798257463918,1,89.05846860452019,94.94968542333714,OK,OK,OK,DECOLAGEM ABORTADA
23.361689267011158,23.336621052869482,1,99.67239805397455,97.58238980051144,OK,OK,OK,PRONTO PARA DECOLAR
23.039459234339212,30.375399442578992,1,63.967123983488634,102.89455489929237,OK,OK,OK,DECOLAGEM ABORTADA
17.682425259339407,14.89983601145253,1,76.05977263445153,104.8467484706447,OK,OK,OK,DECOLAGEM ABORTADA
26.48060138532288,17.301250647066286,1,92.00283874796638,96.29695338436024,OK,OK,OK,PRONTO PARA DECOLAR
26.305276360899448,10.212362842176926,1,68.16142538515595,98.22260722254131,OK,OK,OK,DECOLAGEM ABORTADA
25.025567283212304,15.557067399238884,1,82.20339797209145,99.92078272912322,OK,OK,OK,PRONTO PARA DECOLAR
23.827064333124266,23.773004930448522,1,89.32285184118699,100.84048347645881,OK,OK,OK,PRONTO PARA DECOLAR
17.92314628974793,27.569886166453518,1,84.63941801040716,97.57118944023506,OK,OK,OK,PRONTO PARA DECOLAR
22.896773386173205,10.778346758223746,1,67.52098938461664,101.27218313339228,OK,OK,OK,DECOLAGEM ABORTADA
23.286427417366152,28.696059201056602,1,74.21538274742957,98.57848195878725,OK,FALHA,OK,DECOLAGEM ABORTADA
20.988613653891903,33.55637858804951,1,91.35167137941589,99.95664318736516,OK,OK,OK,PRONTO PARA DECOLAR
24.193571441669953,24.134349032237008,1,82.16906056528066,101.6388527440111,OK,FALHA,OK,DECOLAGEM ABORTADA
27.020254284072692,38.76795812558066,1,60.20918454171651,100.0192668094328,OK,OK,OK,DECOLAGEM ABORTADA
34.43092950605265,12.262108008964269,0,90.43963040112375,98.69084232842029,OK,OK,OK,DECOLAGEM ABORTADA
25.872889064159196,7.55345296688583,1,61.41245419760956,99.67117058822251,OK,OK,OK,DECOLAGEM ABORTADA
26.28775195361382,2.2127975109572127,1,89.82935130924929,99.73491112238399,OK,OK,OK,PRONTO PARA DECOLAR
24.627770421169163,34.96044311489183,1,68.0992224066095,98.88996691035362,OK,OK,FALHA,DECOLAGEM ABORTADA
15.406143923504793,26.543656563540576,1,98.32293920477521,99.2236118119987,OK,OK,OK,PRONTO PARA DECOLAR
24.867430622753915,19.44415329089545,1,74.71763005208338,104.79594151151414,OK,OK,FALHA,DECOLAGEM ABORTADA
25.301151049705133,22.799686263198204,1,73.07726465352316,101.68275834382372,OK,OK,FALHA,DECOLAGEM ABORTADA
37.316210562426434,8.745109527016234,1,65.95552201329778,99.11355904591252,FALHA,OK,OK,DECOLAGEM ABORTADA
24.038195176094387,44.45751979616826,1,72.22416861960859,102.0908632135322,OK,OK,OK,DECOLAGEM ABORTADA
26.507736711668063,21.292211819752275,1,95.06603047312802,98.99854153073197,OK,OK,OK,PRONTO PARA DECOLAR
24.826441151473784,21.093947946048928,1,99.85337350508989,103.51937391275992,OK,OK,OK,PRONTO PARA DECOLAR
19.15660981190234,27.25766623898692,1,74.73238122027394,101.10892657659429,FALHA,OK,OK,DECOLAGEM ABORTADA
30.714114072575104,24.810092317367133,1,77.94442523818171,99.67809356798732,OK,OK,OK,DECOLAGEM ABORTADA
28.759665163433873,22.238840242791312,1,88.88283752810949,101.34315077743084,OK,OK,OK,PRONTO PARA DECOLAR
28.955159735215233,12.095255445546881,0,95.44783121860297,95.2873715437945,OK,OK,OK,DECOLAGEM ABORTADA
20.453062726026303,24.714683571359956,1,83.72177336747137,96.61969759327059,OK,OK,OK,PRONTO PARA DECOLAR
32.013971554680495,38.82024496475034,1,75.66102792711317,96.41822498080283,OK,OK,OK,DECOLAGEM ABORTADA
17.990744686038596,33.454200461549775,1,76.50487363394495,100.42882928429113,OK,OK,OK,DECOLAGEM ABORTADA
27.934285469001352,35.93186626639397,1,87.82472585987227,105.19754499845527,OK,OK,OK,DECOLAGEM ABORTADA
35.952278129049894,14.887843235688148,1,60.12873054417115,106.6939004385779,OK,OK,OK,DECOLAGEM ABORTADA
20.04731837434656,10.103951797414192,0,84.78357349839362,101.91415330432227,OK,OK,OK,DECOLAGEM ABORTADA
22.16851135198614,18.74213079900352,1,74.2197204176543,101.50253342483337,OK,OK,OK,DECOLAGEM ABORTADA
25.498256825438204,20.557249122886947,1,91.76789325108336,94.59682679754178,OK,OK,OK,DECOLAGEM ABORTADA
22.482621729419005,30.941915184709487,1,63.71962559292528,98.37197860079793,OK,OK,OK,DECOLAGEM ABORTADA
17.246682844669337,3.0753537028518068,0,83.52809067793562,97.63664874427528,OK,OK,OK,DECOLAGEM ABORTADA
25.342814874030136,35.29550319460614,1,79.23891559544495,98.13745720524665,OK,OK,OK,DECOLAGEM ABORTADA
19.688481431369475,18.419921014210107,1,85.6930210362091,99.49556854424563,OK,OK,OK,PRONTO PARA DECOLAR
27.36796215317591,15.731189300525799,1,62.594143779318735,98.58372826690862,OK,OK,OK,DECOLAGEM ABORTADA
20.402878828830985,9.878956247398325,1,83.19935149712525,94.06210056887264,OK,OK,OK,DECOLAGEM ABORTADA
32.7496720250877,3.4514332813423074,1,82.45938351838095,102.2437307683526,OK,OK,FALHA,DECOLAGEM ABORTADA
21.083733538318814,28.231705839619146,1,82.42640377664684,96.78177092278058,OK,OK,OK,PRONTO PARA DECOLAR
23.38969241897162,20.733179671884038,1,84.13950666385819,100.71774059233344,OK,OK,OK,PRONTO PARA DECOLAR
29.067586086848348,7.100391002589461,1,87.05871748905449,106.22224800924992,OK,OK,OK,DECOLAGEM ABORTADA
18.845678417830225,7.049212279363839,0,92.1995599872308,97.24184622524074,OK,OK,OK,DECOLAGEM ABORTADA
26.137299673020646,16.642153007098717,1,70.79282880512858,92.40913743176101,OK,OK,OK,DECOLAGEM ABORTADA
31.53571377141214,36.69021525289393,1,93.00197640720248,99.14198733435967,OK,OK,OK,PRONTO PARA DECOLAR
16.96258382719386,17.40408648636395,1,79.93022729053814,103.30287890499571,OK,OK,OK,DECOLAGEM ABORTADA
25.92316929266152,4.968570468818939,1,63.08233116537325,105.87504236266179,OK,OK,FALHA,DECOLAGEM ABORTADA
26.299413971242117,17.542569359140558,1,62.342037169759166,96.31135121664275,OK,OK,OK,DECOLAGEM ABORTADA
28.90911435888655,17.272764302523296,1,73.36953274784243,101.49009766970957,OK,OK,OK,DECOLAGEM ABORTADA
18.81524644560959,-6.968866429415716,1,91.3958790844587,98.60406862965984,OK,OK,OK,PRONTO PARA DECOLAR
18.397716934578618,19.457051334821877,1,88.30723738963663,99.68215493708759,OK,OK,OK,PRONTO PARA DECOLAR
27.60970782808449,17.69065469791322,1,91.54459858689626,107.9330300410511,OK,OK,OK,DECOLAGEM ABORTADA
26.48492336616593,26.962063648134183,1,80.69076225766437,95.49108901481453,OK,FALHA,OK,DECOLAGEM ABORTADA
26.252464251729382,38.48956094945345,1,77.60795991821962,100.76121898448372,OK,OK,OK,DECOLAGEM ABORTADA
26.732241047484877,31.265650295477574,1,65.89810106825136,101.4030795152963,OK,OK,OK,DECOLAGEM ABORTADA
21.599876392107547,17.311113094451695,1,73.12771014437246,103.25735897481805,OK,OK,OK,DECOLAGEM ABORTADA
26.161268485805017,8.934740912583298,1,77.36077464695501,100.29394946041269,OK,OK,OK,DECOLAGEM ABORTADA
26.465362366493405,45.733598032498605,1,63.54401718718469,100.92415161851231,OK,OK,OK,DECOLAGEM ABORTADA
21.42824290986816,20.592184340144883,1,68.82447810844845,98.82505429773462,OK,OK,OK,DECOLAGEM ABORTADA
34.328872555723784,20.139292919129463,1,83.92901176254955,100.80738082373531,OK,OK,OK,PRONTO PARA DECOLAR
27.36916460455894,19.758749128899968,1,89.42652456956759,98.97042317350777,OK,OK,OK,PRONTO PARA DECOLAR
19.043482513986756,21.980847607678548,0,99.93390045571799,101.86471566956816,OK,OK,OK,DECOLAGEM ABORTADA
28.28276804316915,18.556395880760576,1,97.32453325374232,98.8911689918691,OK,OK,OK,PRONTO PARA DECOLAR
20.126591648863393,14.263379931197637,1,85.70260798140765,101.13130118170656,OK,OK,OK,PRONTO PARA DECOLAR
28.93542301871226,14.531410587596078,1,76.84992213176288,99.91221155894506,OK,OK,OK,DECOLAGEM ABORTADA
30.79297789503702,19.672467297840015,1,85.4470945883293,103.3781507523165,OK,OK,OK,PRONTO PARA DECOLAR
20.89658840824145,14.56575228866235,1,91.42606472320928,99.84581882923455,OK,OK,OK,PRONTO PARA DECOLAR
29.81688064622161,12.871542173228356,1,64.7334476369355,94.68090259537935,OK,OK,OK,DECOLAGEM ABORTADA
27.06390463468249,21.06430227691897,1,76.39619558785154,103.78576450214197,OK,OK,OK,DECOLAGEM ABORTADA
29.11030079997245,17.450227825791448,1,93.59209142542468,97.28280309741214,OK,OK,OK,PRONTO PARA DECOLAR
34.48396491326974,35.039929885826886,1,75.35331807732176,98.03870098405353,OK,OK,OK,DECOLAGEM ABORTADA
23.773059419985646,-6.509698083930118,1,82.87489084908746,98.21301611786953,OK,OK,OK,PRONTO PARA DECOLAR
21.23131917821255,30.91506851922462,0,83.51077443448793,104.12331427951246,OK,OK,OK,DECOLAGEM ABORTADA
20.552427851872384,32.46085192497629,1,67.37905012534557,93.59297735806392,OK,OK,OK,DECOLAGEM ABORTADA
20.920948575172808,-0.7339023240814946,1,74.48941766609154,109.41324560097998,OK,OK,OK,DECOLAGEM ABORTADA
24.614491452929478,16.573124059196513,1,73.38045154967729,103.16817042719815,FALHA,OK,OK,DECOLAGEM ABORTADA
26.70575987408322,16.285591340042085,1,61.047868341282594,100.66971674238748,OK,OK,OK,DECOLAGEM ABORTADA
26.383453996650097,5.924883052821787,1,60.96767055565421,99.83531799815114,OK,OK,OK,DECOLAGEM ABORTADA
29.13591624518012,12.221833124091248,1,93.26788174703094,100.85666222457297,OK,OK,OK,PRONTO PARA DECOLAR
25.065009459389536,8.894241545341712,1,70.9228323989125,101.56336728513801,OK,OK,OK,DECOLAGEM ABORTADA
32.26767038578659,37.52270443423623,1,80.72315064955262,101.93564675785017,OK,OK,OK,PRONTO PARA DECOLAR
23.67671583381022,29.35678393147461,1,71.94902294355091,101.66681339801035,OK,OK,OK,DECOLAGEM ABORTADA
38.600845832948096,32.71555094994159,1,97.62716980461363,100.26874204376574,OK,OK,OK,DECOLAGEM ABORTADA
28.12833673882503,27.21672064043235,1,70.37187035463094,99.40798473907802,OK,OK,OK,DECOLAGEM ABORTADA
20.714212217918586,8.709482287827708,1,77.1862725095574,99.54618014903946,OK,OK,OK,DECOLAGEM ABORTADA
19.64553750969444,14.754797337202262,1,94.90921001938408,99.41527515894195,OK,OK,OK,PRONTO PARA DECOLAR
27.412362076215928,24.89374561227918,1,93.67734267167235,103.40131029060119,OK,OK,OK,PRONTO PARA DECOLAR
23.882686073370746,7.778721911080545,1,67.4440567138511,101.78067016684258,OK,OK,OK,DECOLAGEM ABORTADA
28.57000247046046,27.12998430172388,1,92.10573239182841,91.17883409600717,OK,FALHA,OK,DECOLAGEM ABORTADA
27.366188122867726,17.59674601841865,1,78.3274754695157,101.96770232958929,OK,OK,OK,DECOLAGEM ABORTADA
24.635855436715637,16.251791924504026,0,79.31875488341421,100.58420858415633,OK,OK,OK,DECOLAGEM ABORTADA
20.766031409657977,27.109599682034915,1,65.33919889663775,99.9438737306623,OK,OK,OK,DECOLAGEM ABORTADA
17.425763876570677,24.4426331148604,1,63.22406055028499,98.83444464073334,OK,OK,OK,DECOLAGEM ABORTADA
22.767425239664895,16.3903383418092,1,89.1175722789506,103.37233815995805,OK,OK,OK,PRONTO PARA DECOLAR
29.28199397161736,31.59329803364248,1,79.85844609421198,102.84257938636857,OK,OK,OK,DECOLAGEM ABORTADA
26.07046872065102,9.189366724001026,1,77.47402810460719,97.68136699652918,OK,OK,OK,DECOLAGEM ABORTADA
18.771306106440058,26.159356069442637,1,89.18032914609587,101.2211568613736,OK,OK,OK,PRONTO PARA DECOLAR
25.86590462925591,25.931012579683838,1,90.6205159596444,97.08502979637615,OK,OK,OK,PRONTO PARA DECOLAR
26.926586898644185,16.904535606860097,1,66.35632670677414,95.8611455056332,OK,OK,OK,DECOLAGEM ABORTADA
20.580712818994336,23.26133022242118,1,84.40900597910564,98.1198483262301,OK,OK,OK,PRONTO PARA DECOLAR
25.76862552972764,7.48886423614697,1,65.41416329110743,102.58718041714828,OK,OK,OK,DECOLAGEM ABORTADA
25.29104359223,29.240270192069012,1,90.05500344116183,102.85937513612826,OK,OK,OK,PRONTO PARA DECOLAR
19.285148510846884,18.15097863557011,1,86.27820625068559,101.53925626029188,OK,OK,OK,PRONTO PARA DECOLAR
26.788936801741418,14.772769794809605,1,98.26458484333833,102.17528736054399,OK,OK,OK,PRONTO PARA DECOLAR
27.80392263184117,30.490092258368893,1,62.75832065425685,101.54853486134488,OK,OK,OK,DECOLAGEM ABORTADA
30.415256215876383,12.956563094572408,1,62.282188846050175,98.07555521433115,OK,OK,OK,DECOLAGEM ABORTADA
30.269010260174515,5.915387036364404,1,71.287482987728,101.29576763402183,OK,OK,OK,DECOLAGEM ABORTADA
18.111653160214544,4.433708264760963,1,70.46822734943623,102.40122857568305,OK,OK,OK,DECOLAGEM ABORTADA
20.310874800424386,26.060099513456397,1,69.87915196287999,102.26287398944072,OK,OK,OK,DECOLAGEM ABORTADA
27.5751763360433,7.19570647503717,0,96.25018322084146,103.56674011442392,OK,OK,OK,DECOLAGEM ABORTADA
27.568929754561044,37.54794181984364,1,69.98184799398024,102.1249115416032,OK,OK,OK,DECOLAGEM ABORTADA
27.575238431530238,-0.8192940788372205,1,70.87798904514524,101.05434462262475,OK,OK,OK,DECOLAGEM ABORTADA
44.26365745327361,36.96456368290038,1,90.37593049671855,103.21045071494929,OK,OK,OK,DECOLAGEM ABORTADA
27.854452553465833,22.110174672026183,1,77.9895936980216,99.92043622225282,OK,OK,OK,DECOLAGEM ABORTADA
30.677828200902994,19.032868881296075,1,91.06842227820725,97.35437604631684,OK,OK,OK,PRONTO PARA DECOLAR
29.770008817466014,14.550809131910503,1,62.61464630257541,99.51079910816871,OK,OK,OK,DECOLAGEM ABORTADA
28.25695625652899,23.99136114352071,1,79.50284774693537,97.76529206558065,OK,OK,OK,DECOLAGEM ABORTADA
23.42365377679827,19.623652975751515,1,61.34454400733131,97.97446517507686,OK,OK,OK,DECOLAGEM ABORTADA
28.794846102466337,31.033018820165214,1,62.50612813821418,99.56644398785345,OK,OK,OK,DECOLAGEM ABORTADA
21.13587392731214,21.142276486620396,1,96.25749813377644,97.62274023700012,OK,OK,OK,PRONTO PARA DECOLAR
23.815906966299956,21.503017614618777,0,65.56981484470381,99.07611541108288,OK,OK,OK,DECOLAGEM ABORTADA
22.573182260854484,16.36387787786144,1,81.29682729100868,94.31915599913864,OK,OK,OK,DECOLAGEM ABORTADA
25.409370696931614,19.430543762789327,0,76.44382410402827,100.63988112211882,OK,OK,OK,DECOLAGEM ABORTADA
36.573292833367546,23.078017688920593,1,73.8937330503537,100.00361642608668,OK,OK,OK,DECOLAGEM ABORTADA
15.66367403704126,2.898316073433744,1,95.9933338274909,97.54873410679542,OK,OK,OK,PRONTO PARA DECOLAR
28.43130095187257,6.51814577894287,1,60.87293587101958,101.97773700529721,OK,OK,OK,DECOLAGEM ABORTADA
16.936420644051744,27.43264094022715,1,86.55158744702356,102.81271041287968,OK,OK,OK,PRONTO PARA DECOLAR
22.640340671052833,21.70865438127942,1,98.53577736854201,95.17732040689307,OK,OK,OK,PRONTO PARA DECOLAR
30.444752984836832,18.160166636473207,1,82.40672733847367,97.71182566430136,OK,FALHA,OK,DECOLAGEM ABORTADA
25.321400095477316,20.18433933065393,1,97.47289848132368,97.69257295063811,OK,OK,OK,PRONTO PARA DECOLAR
19.61127611035347,23.47581705361671,1,62.09031517144095,97.18029069667341,OK,OK,OK,DECOLAGEM ABORTADA
21.42348145370016,14.602403196906385,1,76.75173276296645,102.48842452579524,OK,OK,OK,DECOLAGEM ABORTADA
28.39798874467338,12.216952745976872,1,70.40631163848205,99.4185215836816,OK,OK,OK,DECOLAGEM ABORTADA
21.34816684141432,21.958452550976816,1,89.23283859922918,99.20645547606817,OK,OK,OK,PRONTO PARA DECOLAR
26.082292947909874,10.21627222384968,1,99.25188361988987,93.98841290677974,OK,OK,OK,DECOLAGEM ABORTADA
25.22785919951907,24.08252755714472,1,70.26120249776991,101.90625409062768,OK,OK,OK,DECOLAGEM ABORTADA
21.741998261970913,2.9741639576215952,1,86.16698405896298,96.28222481543958,OK,OK,OK,PRONTO PARA DECOLAR
35.719720446626624,30.291556373256437,1,67.9239053103896,100.17979789079898,OK,OK,OK,DECOLAGEM ABORTADA
28.169595111590056,24.725974824130432,1,82.61321018286439,100.83213081387457,OK,OK,OK,PRONTO PARA DECOLAR
14.874287066711965,22.560297343138757,1,78.55729946753345,104.08197578751596,OK,OK,OK,DECOLAGEM ABORTADA
25.93227157384714,29.82690983945514,1,98.88021318526148,96.07353880264266,OK,OK,OK,PRONTO PARA DECOLAR
21.69106767615806,36.65474444462576,1,84.34109090785867,90.94146353253753,OK,OK,OK,DECOLAGEM ABORTADA
29.26216667398112,30.143700650181305,1,73.98025488347275,100.55154863426108,OK,OK,OK,DECOLAGEM ABORTADA
21.037396307836495,1.591257686683548,1,64.56383139551734,105.40153354453255,OK,OK,OK,DECOLAGEM ABORTADA
24.426317792665504,7.204230332642984,1,66.04987314939738,103.71683905881831,OK,OK,OK,DECOLAGEM ABORTADA
27.524936394902287,13.751814223043212,1,69.0126771980494,100.62897824582387,OK,OK,OK,DECOLAGEM ABORTADA
29.328775970850607,20.260910502108338,1,70.03866645361192,98.52509144310386,OK,OK,OK,DECOLAGEM ABORTADA
18.998517964721117,25.17659020469123,1,94.02464231364551,102.42136778991193,OK,OK,OK,PRONTO PARA DECOLAR
23.327493820795258,12.742561868465344,1,82.448911531301,97.0793614008866,OK,OK,OK,PRONTO PARA DECOLAR
22.62527344419522,21.867667644770783,1,80.93563645497466,101.42907330806865,OK,OK,OK,PRONTO PARA DECOLAR
21.73335383713144,12.446170676466775,1,64.59075487476869,101.51641047749987,OK,OK,FALHA,DECOLAGEM ABORTADA
33.82727120140548,13.884821970080518,1,94.4055877339774,103.18062972249663,OK,OK,OK,PRONTO PARA DECOLAR
27.024908554804778,5.933389031517777,1,88.91257212833935,108.27898011673324,OK,OK,OK,DECOLAGEM ABORTADA
18.695580228324772,10.767667538890958,1,62.706734476000065,101.1772479015363,OK,OK,OK,DECOLAGEM ABORTADA
29.58930973527388,6.483153943836664,1,88.31340388919074,98.4731091228775,OK,OK,FALHA,DECOLAGEM ABORTADA
35.610780985063165,10.241267470226672,0,81.74152869370585,99.92327706342401,OK,OK,OK,DECOLAGEM ABORTADA
30.162326302755734,30.536417966078396,1,63.26901382987113,94.69277228533265,OK,OK,OK,DECOLAGEM ABORTADA
17.403150170229935,10.50601111168057,1,78.33202566114626,97.91586060673282,OK,OK,OK,DECOLAGEM ABORTADA
22.578829635668743,46.32382064837391,1,79.38785148520188,98.77215268566069,OK,OK,OK,DECOLAGEM ABORTADA
31.334555745933113,24.933179008808892,1,66.63098160653104,98.42773480619623,OK,OK,OK,DECOLAGEM ABORTADA
21.461652671906094,21.84836123694874,1,97.82792588001129,100.45706461610116,OK,OK,OK,PRONTO PARA DECOLAR
27.219097140731144,11.416422198187865,1,93.99901485922648,97.5327402028534,OK,OK,OK,PRONTO PARA DECOLAR
28.873170267146683,27.003098794089915,1,86.76089349316433,103.36309200197341,OK,OK,OK,PRONTO PARA DECOLAR
20.365347642109583,14.243621737622261,1,78.4918224400243,100.00062119475459,OK,OK,OK,DECOLAGEM ABORTADA
24.702373219691,21.220098146453616,1,76.47062166338034,99.97209903658415,OK,OK,OK,DECOLAGEM ABORTADA
8.793663299654636,45.60084538268795,1,86.03893868603816,99.01631585046124,OK,OK,OK,DECOLAGEM ABORTADA
19.878061793328552,19.0394010027535,1,81.81727477627622,100.46557205157694,OK,OK,OK,PRONTO PARA DECOLAR
23.7371592430342,31.49273326285676,1,62.49092423527542,102.4752947940029,OK,OK,OK,DECOLAGEM ABORTADA
18.761084090175753,12.968235748741126,1,80.50010595081326,97.3986093528673,OK,OK,OK,PRONTO PARA DECOLAR
33.16205651965818,19.650115095030383,1,92.25614468931357,98.02565053277424,OK,OK,OK,PRONTO PARA DECOLAR
17.849293110196836,37.7080063563551,1,78.36959510387832,99.08882191367,OK,OK,OK,DECOLAGEM ABORTADA
22.799777566515083,13.730329422122326,1,62.07826310217074,95.96238722958036,OK,OK,OK,DECOLAGEM ABORTADA
25.653702886430455,38.12448557996929,1,91.45112797536132,97.5422264208355,OK,OK,OK,PRONTO PARA DECOLAR
32.20636644533058,27.077519354554752,1,68.05455128543898,98.57133737936603,OK,OK,OK,DECOLAGEM ABORTADA
17.8206892441028,14.375332241057324,1,70.34483339552155,102.62316754213818,OK,OK,OK,DECOLAGEM ABORTADA
30.815818760774796,26.32407739055521,1,66.58825413729184,100.78768398700578,OK,FALHA,OK,DECOLAGEM ABORTADA
25.051165305097935,29.725544496267297,1,73.2086025948599,100.58076973410263,OK,OK,OK,DECOLAGEM ABORTADA
20.092456744760245,26.218099622171962,1,90.2700602275454,102.55269388650392,OK,OK,OK,PRONTO PARA DECOLAR
27.310517371316354,4.297752801095436,1,80.77543438015749,99.58788463480181,OK,OK,OK,PRONTO PARA DECOLAR
25.99529847786735,12.728628241751315,1,68.19525096602851,101.17139454978667,OK,OK,OK,DECOLAGEM ABORTADA
21.998915614206027,17.52481364448495,1,95.11320312608163,99.6903347412025,OK,OK,OK,PRONTO PARA DECOLAR
25.349010424950094,19.255665708999537,1,95.18327419806117,100.79608704819888,OK,OK,OK,PRONTO PARA DECOLAR
23.0734320156912,26.20672097550678,1,94.82313700184028,98.25172402716525,OK,OK,OK,PRONTO PARA DECOLAR
25.56758672625624,21.77701000933254,0,69.55184845526156,92.6835485251707,OK,OK,OK,DECOLAGEM ABORTADA
28.310653372605234,6.646556412898988,1,78.04957376723952,99.59716251344109,OK,OK,OK,DECOLAGEM ABORTADA
32.93008408072676,23.801978510059634,1,99.399586245635,104.26824440829982,OK,OK,OK,PRONTO PARA DECOLAR
18.810922505865754,26.10585745283823,1,90.88049905239961,102.77864620672477,OK,OK,OK,PRONTO PARA DECOLAR
35.665166873281336,25.597904479310397,1,61.086696849022395,102.89619245377351,OK,OK,OK,DECOLAGEM ABORTADA
15.239561002387491,30.807807255546216,1,62.60818365041968,103.70839216541866,OK,FALHA,OK,DECOLAGEM ABORTADA
24.241074524822082,28.33922154548904,1,78.55725507249332,100.26597277288431,OK,OK,OK,DECOLAGEM ABORTADA
27.941586032422883,24.591800792284367,1,96.3688082344624,100.59194712221678,OK,OK,OK,PRONTO PARA DECOLAR
26.404959338675162,19.29834288541353,1,81.54807191810858,98.14704431369695,OK,OK,OK,PRONTO PARA DECOLAR
21.88650240089703,3.390390664840087,1,79.91250032137161,99.05178143191885,OK,OK,OK,DECOLAGEM ABORTADA
23.959388748213623,24.296182191325858,1,64.21894799826522,101.84731344931342,OK,FALHA,OK,DECOLAGEM ABORTADA
22.534995326705836,22.07687687163111,1,86.27120418897177,103.61165331150644,OK,OK,OK,PRONTO PARA DECOLAR
22.053176215278942,22.715788371953735,1,92.88412642400903,99.581661172957,OK,OK,OK,PRONTO PARA DECOLAR
29.248010485105123,7.232514241796906,1,75.2168003003025,98.64943220544576,OK,OK,OK,DECOLAGEM ABORTADA
26.785077429825236,9.189434595917376,1,91.0244740370131,100.0015838765698,OK,OK,OK,PRONTO PARA DECOLAR
21.535452023696728,30.531528533329038,1,98.57906615603247,101.80362024678735,OK,OK,OK,PRONTO PARA DECOLAR
29.497999377166252,19.60444846143345,1,68.15065836510756,95.66843555159937,OK,OK,OK,DECOLAGEM ABORTADA
26.536497604383047,26.815006973726245,1,80.93318524778965,93.11145714058829,OK,OK,OK,DECOLAGEM ABORTADA
29.0643105941948,20.283183761304613,1,71.48551832338302,98.34838945152525,OK,OK,OK,DECOLAGEM ABORTADA
28.14814420961806,20.29756139495745,1,91.71417676135357,96.33786272225753,OK,OK,OK,PRONTO PARA DECOLAR
20.855024945389637,29.382838059759976,1,83.1037346352463,98.47557940705806,OK,OK,OK,PRONTO PARA DECOLAR
22.199094799015153,14.839552717826262,1,85.38329670201215,99.55665904354758,OK,OK,OK,PRONTO PARA DECOLAR
28.736468025616308,20.961207769409835,1,91.91656638463576,98.64025477293096,OK,OK,OK,PRONTO PARA DECOLAR
28.051851327167324,15.377247112949576,1,75.83881890649819,104.35740260341224,OK,OK,OK,DECOLAGEM ABORTADA
24.89549203017926,15.655037725676845,1,96.60360273628173,100.98023429380696,OK,OK,OK,PRONTO PARA DECOLAR
25.58663691654391,16.908278765313607,1,81.3211546898456,100.90142307883248,OK,OK,OK,PRONTO PARA DECOLAR
31.388324478942124,22.22133771633713,1,66.31819291341392,101.8666214321302,OK,OK,OK,DECOLAGEM ABORTADA
22.04214305582085,15.212513783365226,1,87.8359647267521,96.5835006466577,OK,FALHA,OK,DECOLAGEM ABORTADA
27.735486905850188,32.55756125573521,1,91.73045401753018,103.1173353622608,OK,OK,OK,PRONTO PARA DECOLAR
23.98903673783053,11.053926977804961,1,72.67046708270107,99.77270714039362,OK,OK,OK,DECOLAGEM ABORTADA
23.9115939838639,18.13128355838641,1,94.28717027995012,102.01144185172363,OK,OK,OK,PRONTO PARA DECOLAR
30.49388425993595,15.60268941725825,1,96.24573019063065,96.78442830087954,OK,OK,OK,PRONTO PARA DECOLAR
29.12708174494015,34.46977884353733,1,71.07617949511236,95.3387237019518,OK,OK,OK,DECOLAGEM ABORTADA
29.067548180003193,21.965547765115748,1,99.34085890860888,102.45366897407509,OK,OK,OK,PRONTO PARA DECOLAR
31.527394035771646,30.31844539468635,1,65.62846112195034,101.12922857829255,OK,OK,OK,DECOLAGEM ABORTADA
25.105019208163796,5.144396269630281,1,68.0806267360996,97.29384533692748,OK,OK,OK,DECOLAGEM ABORTADA
28.40976485647482,22.670502658692588,1,67.36899356952105,97.39101075617592,OK,OK,OK,DECOLAGEM ABORTADA
23.44866621703272,28.89630795623437,1,95.75958840031481,103.37630435324431,OK,OK,OK,PRONTO PARA DECOLAR
26.62083176244221,20.822839892754242,1,86.17170209299847,96.43176432139802,OK,OK,OK,PRONTO PARA DECOLAR
24.349284728161578,30.654803750653514,1,66.08417132889092,104.92801885976789,OK,OK,OK,DECOLAGEM ABORTADA
25.48497982496359,14.827115498996278,1,77.61293673473396,97.2981377960564,OK,OK,OK,DECOLAGEM ABORTADA
27.97578512718457,34.0934744018558,1,84.61192100279209,101.91517577682515,OK,OK,OK,PRONTO PARA DECOLAR
20.908896583832636,42.9889812361925,1,63.338563399575335,99.01414457275304,OK,OK,OK,DECOLAGEM ABORTADA
35.4619363784273,16.37161439560341,1,95.29665473629355,101.80956229324703,OK,OK,OK,DECOLAGEM ABORTADA
19.96991309250149,15.54497478599228,1,92.14414141766142,98.36765799365742,OK,OK,OK,PRONTO PARA DECOLAR
18.92905693606134,34.53384477117701,1,80.20827094306553,99.51162128178312,OK,OK,OK,PRONTO PARA DECOLAR
30.790554367500338,35.795721457307124,1,98.68506461036682,100.12275752618716,OK,OK,OK,PRONTO PARA DECOLAR
28.95831346981468,14.771399728467317,1,76.71043917100398,96.99343763265558,OK,OK,OK,DECOLAGEM ABORTADA
28.120599085260775,15.798131829041427,1,99.3644127614599,102.22247303626038,OK,OK,OK,PRONTO PARA DECOLAR
28.1417275463214,17.182153911394927,1,86.71679995214508,98.46035930058524,OK,OK,OK,PRONTO PARA DECOLAR
24.938766135765427,6.555494889657229,1,85.38685093015766,99.31420025397995,OK,OK,OK,PRONTO PARA DECOLAR
20.51372814257084,10.813480535158018,1,66.6381958118314,97.01695187617446,OK,OK,OK,DECOLAGEM ABORTADA
25.37902279096863,9.958592332479322,1,95.27711033218576,92.31299902361407,OK,OK,FALHA,DECOLAGEM ABORTADA
21.61419144243944,12.322024348958715,1,77.09958751682461,99.4269167121995,OK,OK,OK,DECOLAGEM ABORTADA
29.875598667088756,19.653151126132187,1,66.48933623129918,107.23784626483875,OK,OK,OK,DECOLAGEM ABORTADA
24.264713092489306,22.342147325365207,1,60.50430079903036,102.35381286369407,OK,OK,OK,DECOLAGEM ABORTADA
20.872514016037442,35.50500492814077,1,82.3902273455353,99.94221886079681,OK,OK,OK,PRONTO PARA DECOLAR
23.393070791735035,10.01645959261209,1,81.09598488490705,99.21132751237519,OK,OK,OK,PRONTO PARA DECOLAR
27.06465727137812,29.843223984765835,1,88.77414489476635,100.06739767843614,OK,OK,OK,PRONTO PARA DECOLAR
22.181377235980126,17.86011155774491,1,95.61032212071208,101.64135734552563,OK,OK,OK,PRONTO PARA DECOLAR
20.888898022167844,19.50536290347567,1,63.17626338572118,96.45756155407346,OK,OK,OK,DECOLAGEM ABORTADA
26.218436057459563,26.748194921666038,1,89.2598596136145,103.34296508400662,OK,OK,OK,PRONTO PARA DECOLAR
26.224832855543614,8.772779784377015,1,67.49647776390329,102.14614394632373,OK,OK,OK,DECOLAGEM ABORTADA
22.46528412314435,23.824097461840505,1,94.32708212628656,102.1545571771238,OK,OK,OK,PRONTO PARA DECOLAR
22.644808471908387,21.66452208213056,1,92.76254055446624,101.31542721642919,OK,OK,OK,PRONTO PARA DECOLAR
26.16024968678818,24.924512640081492,1,81.63175019942177,100.05884997308198,OK,OK,OK,PRONTO PARA DECOLAR
17.75957829251338,22.891686439078182,1,88.40971194493247,102.01858370790046,OK,OK,OK,PRONTO PARA DECOLAR
17.962681128117225,44.55300139910894,1,72.57400452734993,101.77544240122414,OK,OK,OK,DECOLAGEM ABORTADA
21.40777889373782,13.62260015748684,1,78.84671595731258,98.93787786717692,OK,OK,OK,DECOLAGEM ABORTADA
23.932764241440765,14.690030449981823,1,92.86547590841886,98.27919468130929,OK,OK,OK,PRONTO PARA DECOLAR
26.554537827990025,13.768594735752355,1,78.37060788692855,100.30556888578596,OK,OK,OK,DECOLAGEM ABORTADA
32.37678108474776,14.445228808397452,1,74.31193061301767,104.64706045448557,OK,OK,OK,DECOLAGEM ABORTADA
29.288298116010097,13.626128726934823,1,79.768497890012,96.2826787730383,OK,OK,OK,DECOLAGEM ABORTADA
24.200307350182864,31.890165311075517,1,93.12997009748874,95.59742420274267,OK,OK,OK,PRONTO PARA DECOLAR
24.904918960486555,34.20504247989855,0,73.40832189483491,100.49428252370954,OK,OK,OK,DECOLAGEM ABORTADA
19.987353176810956,14.292537062505238,1,66.95046372542976,100.15266310556805,OK,OK,OK,DECOLAGEM ABORTADA
24.90743432003805,11.676444268957713,1,88.48056081323122,100.52002499311122,OK,OK,OK,PRONTO PARA DECOLAR
23.55670680539931,24.71415556386404,1,93.03912850832327,100.7318595937255,OK,OK,OK,PRONTO PARA DECOLAR
26.613592801690448,14.477769557190287,1,64.02549914094133,99.33039323609559,OK,OK,OK,DECOLAGEM ABORTADA
20.863845282238387,26.32931817755511,1,69.59496451023779,104.46959031580624,OK,OK,OK,DECOLAGEM ABORTADA
27.596732571205862,22.029230208513,1,65.67887959043975,95.19728806457046,OK,OK,OK,DECOLAGEM ABORTADA
32.66369456501289,4.842558850027681,1,73.91765646328666,97.51450892565926,OK,OK,OK,DECOLAGEM ABORTADA
24.456199257715713,35.47505201330061,1,78.01403915621651,99.69023571955286,OK,OK,OK,DECOLAGEM ABORTADA
27.008558610494706,37.95877673095522,1,89.95305347853225,95.0704335665375,OK,OK,OK,PRONTO PARA DECOLAR
28.450719958555563,13.872113095156138,1,86.04590339526696,99.47243678670378,OK,OK,OK,PRONTO PARA DECOLAR
22.993897640570818,16.12298440064016,1,84.83714269913725,104.98441049718406,OK,FALHA,OK,DECOLAGEM ABORTADA
26.120462409052084,22.85865390724905,1,74.09499786438617,100.06265946488789,OK,OK,OK,DECOLAGEM ABORTADA
25.062962003908975,23.34456789987025,1,93.6579021233904,100.69210271715605,OK,OK,OK,PRONTO PARA DECOLAR
25.48838049274416,26.585442726728303,1,78.85148669592658,96.21950570448226,OK,OK,OK,DECOLAGEM ABORTADA
21.13495108072267,40.102045387663495,1,99.16419752060618,98.15091577588157,OK,OK,OK,DECOLAGEM ABORTADA
25.122550871294713,18.230527725059506,1,85.36568553182947,98.87441085902819,OK,OK,OK,PRONTO PARA DECOLAR
27.489991456227248,12.017027554615463,1,65.05058966258011,99.04685470973129,OK,OK,OK,DECOLAGEM ABORTADA
32.25571803897521,6.206807719854728,1,87.04710248301737,103.84493138501131,OK,OK,OK,PRONTO PARA DECOLAR
29.796354130426035,12.69069960058081,1,73.00416061726796,101.67307318217537,OK,OK,OK,DECOLAGEM ABORTADA
35.76591228755778,19.668730271262028,1,87.4530878674439,96.66562612918891,OK,OK,OK,DECOLAGEM ABORTADA
21.163262185559752,37.94557863517788,1,62.78564592649623,100.73951433529601,OK,OK,OK,DECOLAGEM ABORTADA
29.361603183603393,14.823887009638286,1,66.99525748703837,101.49466524549035,OK,OK,OK,DECOLAGEM ABORTADA
25.91671002869176,22.237879516388986,1,94.22949035623145,103.4204471155638,FALHA,OK,OK,DECOLAGEM ABORTADA
35.94901466608836,19.83577103927248,1,69.0871822809406,104.74162205970512,OK,OK,OK,DECOLAGEM ABORTADA
20.958508573224243,31.88393273448084,1,93.4816450097176,96.95471742451639,OK,FALHA,OK,DECOLAGEM ABORTADA
20.801390789096118,45.26932425873622,1,71.17104353817642,97.56742746636898,OK,OK,OK,DECOLAGEM ABORTADA
22.00303677277989,14.691312270796793,1,85.71527640234831,96.22726642325615,OK,FALHA,OK,DECOLAGEM ABORTADA
14.380521378450965,15.10560557481778,1,87.76602294039324,99.29794042267906,OK,OK,OK,DECOLAGEM ABORTADA
22.371224891596196,30.44160877069072,1,80.50619012580212,101.399075123339,OK,OK,OK,PRONTO PARA DECOLAR
21.20433669223151,26.818914896263113,1,72.21242706786926,102.9620035497673,OK,OK,OK,DECOLAGEM ABORTADA
25.75196893238104,38.46707325736034,1,68.50577505484384,99.77214692907243,OK,OK,OK,DECOLAGEM ABORTADA
26.708779878885796,25.83928185325964,1,61.327574182497045,99.04045743023546,OK,OK,OK,DECOLAGEM ABORTADA
34.38085419607943,16.407079092129404,1,72.15785604962895,100.45527397674623,OK,OK,OK,DECOLAGEM ABORTADA
29.75211919093025,25.906548306923092,1,86.12651162125132,97.49457129510994,OK,OK,OK,PRONTO PARA DECOLAR
22.115481721687985,31.08703580582908,1,97.53219273793931,106.26861616508432,OK,OK,OK,DECOLAGEM ABORTADA
20.50792664325821,28.20482181197364,1,94.84817929052208,95.17701691864582,OK,OK,FALHA,DECOLAGEM ABORTADA
27.459595857532527,25.072740311072977,1,90.6425910614121,100.55422173668717,OK,OK,OK,PRONTO PARA DECOLAR
18.398833964896788,30.66674689589154,1,91.53789373013194,106.07081865768892,OK,OK,OK,DECOLAGEM ABORTADA
34.157293829271765,31.692955904456728,1,86.59939613903981,100.02039953367999,OK,OK,OK,PRONTO PARA DECOLAR
30.897200603606436,33.82158991037527,1,70.41147430264012,99.42988289499552,OK,OK,OK,DECOLAGEM ABORTADA
22.654121739476476,26.48709887589643,1,96.28780122823319,98.92766373156871,OK,OK,OK,PRONTO PARA DECOLAR
16.434327354545612,18.328819196831457,1,86.82929247623336,99.45882495471278,OK,OK,OK,PRONTO PARA DECOLAR
31.769361870827062,21.467136864333227,1,82.4176252392176,104.11854542402959,OK,OK,OK,PRONTO PARA DECOLAR
24.42730077373691,32.06508966508357,1,64.43957876853925,93.36441426601148,OK,OK,OK,DECOLAGEM ABORTADA
31.189081559867308,11.83064329012764,1,77.88222175225701,104.60030110388898,OK,OK,OK,DECOLAGEM ABORTADA
17.027861706028165,23.686733088729014,0,78.41433084807704,95.72812854264956,OK,OK,OK,DECOLAGEM ABORTADA
22.003124885231134,16.066611876726395,1,94.5825443809068,99.20004301229676,OK,OK,OK,PRONTO PARA DECOLAR
25.026218498590914,20.287448229348175,1,81.86592880751154,98.71226673910401,OK,OK,OK,PRONTO PARA DECOLAR
25.23490296882371,32.78451862607299,1,75.21602195881638,101.76565980931215,OK,OK,FALHA,DECOLAGEM ABORTADA
22.74967264260378,21.910990680199035,1,99.07201314042638,95.20562694434875,OK,OK,OK,PRONTO PARA DECOLAR
28.114249661737492,20.464365481561487,1,64.42882373305262,101.38651799824584,OK,OK,OK,DECOLAGEM ABORTADA
19.661897853087027,6.401438590200808,1,76.90193713247778,106.07292886986056,OK,OK,OK,DECOLAGEM ABORTADA
24.288102574893532,27.46253566027221,1,61.68098700685621,95.91047798622157,OK,OK,OK,DECOLAGEM ABORTADA
25.601478158559495,26.454841811410752,1,89.59616483067721,100.56911850283119,OK,OK,OK,PRONTO PARA DECOLAR
27.572194170293745,41.6325472330546,1,96.72306208796603,98.01405346661018,OK,OK,OK,DECOLAGEM ABORTADA
28.55807439044445,16.922217650469992,1,71.20149318201958,101.2776616185791,OK,OK,OK,DECOLAGEM ABORTADA
19.376789540810655,22.191503276639388,1,94.33366707196484,100.05744333224726,OK,OK,OK,PRONTO PARA DECOLAR
17.32942914632189,22.49383683710755,1,71.68872921847591,98.07553927286708,OK,OK,OK,DECOLAGEM ABORTADA
31.388384109492545,35.77453279763475,1,96.4308064657566,101.46361685461322,OK,OK,OK,PRONTO PARA DECOLAR
26.661570059897958,19.04704467613048,1,90.15847614387135,105.41304432936023,OK,OK,OK,DECOLAGEM ABORTADA
21.25756731721723,22.79021525770339,1,92.19627107365754,99.4272886248181,OK,OK,OK,PRONTO PARA DECOLAR
32.75575987761262,26.078965097165394,1,60.72026222401818,102.15927382644455,OK,OK,OK,DECOLAGEM ABORTADA
25.578373171464293,21.86609123156358,1,98.51241428296103,96.12018112638651,OK,OK,OK,PRONTO PARA DECOLAR
30.896485920319133,15.535663854494718,1,89.06683968281293,97.13069086954597,OK,OK,OK,PRONTO PARA DECOLAR
25.337592407050543,21.940899928983075,1,72.19004381544534,101.41721883364113,OK,OK,OK,DECOLAGEM ABORTADA
35.303739624409936,30.73631749859772,1,93.17578659435388,104.4523480856079,OK,OK,OK,DECOLAGEM ABORTADA
33.77670421221602,9.734847005889398,1,71.2608479365972,101.06684004635699,OK,OK,OK,DECOLAGEM ABORTADA
23.75517925760463,21.32969674146876,1,94.91015358264511,99.06082590843053,OK,FALHA,OK,DECOLAGEM ABORTADA
29.85785475477178,12.998791850608267,1,64.50321561647748,99.99787421627006,OK,OK,OK,DECOLAGEM ABORTADA
28.226879747925736,31.950466289248425,1,88.14743909843183,96.24877679809084,OK,OK,OK,PRONTO PARA DECOLAR
31.843157787661745,4.768130952162252,1,81.62793906579641,101.8135459790661,OK,OK,OK,PRONTO PARA DECOLAR
20.17538269709948,14.410781527284117,1,63.86137880781763,102.64699918697023,OK,OK,OK,DECOLAGEM ABORTADA
28.430257299992196,23.77211875064521,1,69.67575313035356,98.64372900150076,OK,OK,OK,DECOLAGEM ABORTADA
30.29212243424794,35.65524029234341,1,60.49616145109259,98.5898735567215,OK,OK,OK,DECOLAGEM ABORTADA
16.20630256788443,19.34249738927012,1,78.75071861858024,100.79763468895615,OK,OK,OK,DECOLAGEM ABORTADA
19.083707436671126,14.448004733068016,1,72.05061043040001,98.68984079187821,OK,OK,OK,DECOLAGEM ABORTADA
14.803839111199498,38.8115706944059,1,83.93429937191036,99.80160215612253,OK,OK,OK,DECOLAGEM ABORTADA
23.652965827777212,5.5198609958375595,1,71.88951230834469,106.29916536749954,OK,OK,OK,DECOLAGEM ABORTADA
28.58771127897981,-1.9880595662008176,1,71.9967644602794,99.258922897762,OK,OK,OK,DECOLAGEM ABORTADA
32.51178526048014,24.400144500533322,1,89.72772794926414,98.92497954393633,OK,OK,OK,PRONTO PARA DECOLAR
25.370473902098876,14.979457756473888,1,61.925713439134135,98.05737458309453,OK,OK,OK,DECOLAGEM ABORTADA
33.14307772785646,9.787671828692869,1,96.11579980767948,102.2325759144998,OK,OK,OK,PRONTO PARA DECOLAR
18.099492708925542,27.083564472993533,1,94.09055497564725,99.45632748034569,OK,OK,OK,PRONTO PARA DECOLAR
16.483087803224226,22.43800713771199,1,86.71218732905626,98.05188088503573,OK,OK,OK,PRONTO PARA DECOLAR
24.722261505516904,14.359213692632716,1,83.72886280429537,103.96391209681903,OK,OK,OK,PRONTO PARA DECOLAR
26.920327244696537,7.1969560132910555,1,95.69209992558609,104.25880901354091,OK,OK,OK,PRONTO PARA DECOLAR
24.836526259529535,28.724573282801448,1,67.41320718114858,98.19872930278389,OK,OK,OK,DECOLAGEM ABORTADA
14.662789499800617,26.50201177958661,1,63.158766487633144,94.40038014591815,OK,OK,OK,DECOLAGEM ABORTADA
24.55439980243606,19.00824136220617,1,69.58040679638152,103.02254106951077,OK,OK,OK,DECOLAGEM ABORTADA
18.477652497475734,38.466369960476655,1,91.78313114800761,97.94611052271999,OK,OK,OK,PRONTO PARA DECOLAR
28.348362744150194,9.299152336738475,1,61.38681066905933,102.37187679748831,OK,OK,OK,DECOLAGEM ABORTADA
26.83299123048424,4.744748290752611,1,83.31227340333959,94.0896885468645,OK,OK,OK,DECOLAGEM ABORTADA
20.300601068363225,13.080919301187556,0,99.8175006476524,102.67779201489793,OK,OK,OK,DECOLAGEM ABORTADA
22.430665413316532,19.544139836445023,1,94.22784375350157,96.36648421215766,OK,OK,OK,PRONTO PARA DECOLAR
19.70393239055524,22.433394493226917,1,80.85782756174358,102.19229235719958,OK,OK,OK,PRONTO PARA DECOLAR
24.68660451363414,17.587639421436702,0,62.54563637146569,100.0428192035093,OK,OK,OK,DECOLAGEM ABORTADA
29.775711602506192,23.520553965142966,1,93.25494057542839,97.13818174181006,OK,OK,OK,PRONTO PARA DECOLAR
20.07136976832228,7.48460575809556,1,83.95914032708842,98.77889106121965,OK,OK,OK,PRONTO PARA DECOLAR
27.520232577589223,34.437646040732595,1,64.59731988238268,102.05895537087011,OK,OK,OK,DECOLAGEM ABORTADA
22.348711908137794,19.178488216074314,1,63.75429139293425,100.31768335934571,OK,OK,OK,DECOLAGEM ABORTADA
21.03563583868828,31.172958315881274,1,96.3850727774637,101.75323894141745,OK,OK,OK,PRONTO PARA DECOLAR
24.464848200227213,23.427253463777042,0,86.76801051752314,105.92932175354646,OK,OK,OK,DECOLAGEM ABORTADA
19.82378838790313,24.56753219153784,1,93.17147197267022,95.30727516486685,OK,OK,OK,PRONTO PARA DECOLAR
22.23175347326409,25.69767280232204,1,95.15915601129069,104.85163772490587,OK,OK,OK,PRONTO PARA DECOLAR
19.010610537055758,24.477085600173147,1,82.87089408193289,100.31306781256964,OK,OK,OK,PRONTO PARA DECOLAR
34.82362566458195,26.42722759867544,1,80.69785407020166,97.30364785503062,OK,OK,OK,PRONTO PARA DECOLAR
25.176317759858645,33.29152530132431,1,77.21709641283961,96.00905912278303,OK,OK,OK,DECOLAGEM ABORTADA
21.50137246003707,21.965211697014702,1,72.67786351164477,99.4326388276689,OK,OK,OK,DECOLAGEM ABORTADA
26.06989955367111,27.090037575885123,1,77.38383843434846,102.76495033577338,OK,OK,OK,DECOLAGEM ABORTADA
24.43835975154585,19.102643057127732,1,90.95518622920625,99.6173526388674,OK,OK,OK,PRONTO PARA DECOLAR
23.895152002333884,34.40117215449473,1,84.07693724060526,104.53346479074204,OK,OK,OK,PRONTO PARA DECOLAR
28.070833500217127,13.236076979407303,1,95.70093159819385,95.64647292984532,OK,OK,OK,PRONTO PARA DECOLAR
28.787538550236526,38.00940432910816,1,77.73520057516751,99.96373315646184,OK,OK,OK,DECOLAGEM ABORTADA
22.34749426194736,19.598420493556567,1,84.28358314875015,96.24281966676064,OK,OK,OK,PRONTO PARA DECOLAR
22.1209087967766,5.692248978819519,1,85.25230212367956,101.0908956478749,OK,OK,OK,PRONTO PARA DECOLAR
23.62474151424178,21.281044149107892,1,83.66788649225302,102.6606621702919,OK,OK,OK,PRONTO PARA DECOLAR
13.490394176322075,13.189483425251192,1,88.10535092342064,98.73771461895684,FALHA,OK,OK,DECOLAGEM ABORTADA
17.42404468900724,28.40643548988724,1,69.49733873499225,92.18735843011859,OK,OK,OK,DECOLAGEM ABORTADA
31.834371337222624,13.473760206976092,1,80.49455110183163,100.59684444038949,OK,OK,OK,PRONTO PARA DECOLAR
33.22483856750642,15.538165667852203,1,64.16899211233391,101.31021565520052,OK,OK,OK,DECOLAGEM ABORTADA
23.75481980221811,1.104592690544692,1,75.3804531057925,101.21288426488509,OK,OK,OK,DECOLAGEM ABORTADA
27.882784815278832,15.476936807509233,1,79.50668274485058,103.70734657546646,OK,OK,OK,DECOLAGEM ABORTADA
26.556250772717682,-4.238793266289566,1,86.0889703818189,96.78683896105285,OK,OK,OK,PRONTO PARA DECOLAR
40.39440404227619,4.160971765142767,1,98.02124210344815,102.04064831635135,FALHA,OK,OK,DECOLAGEM ABORTADA
30.597874557172883,27.604146561442974,1,84.02604266193424,103.57752253743392,OK,OK,OK,PRONTO PARA DECOLAR
24.360412042596167,27.858001586508323,1,89.74375664706238,94.66423724798045,OK,OK,FALHA,DECOLAGEM ABORTADA
20.22229779699787,24.254575617849646,1,80.25064237980811,100.95895547775693,OK,OK,OK,PRONTO PARA DECOLAR
16.96776839871214,10.33023856870787,1,85.36416125505326,98.48746050697699,OK,OK,OK,PRONTO PARA DECOLAR
26.017318179336115,19.5228864385802,1,62.83728864535094,99.75543198069506,FALHA,OK,OK,DECOLAGEM ABORTADA
21.218246273578483,19.963974609094315,0,70.17566323367387,101.04302945061501,OK,OK,OK,DECOLAGEM ABORTADA
17.88873145201163,8.416353108074572,1,74.47412372820554,98.53831430765935,OK,OK,OK,DECOLAGEM ABORTADA
21.767135578787368,35.0339830176715,1,78.89973420026054,97.97287576251516,OK,OK,OK,DECOLAGEM ABORTADA
19.592259981928024,28.773622905756714,1,61.825949820095346,100.10245725246408,OK,OK,OK,DECOLAGEM ABORTADA
33.43570817536282,17.79035826170336,1,65.6009639021327,96.73826218341159,OK,OK,OK,DECOLAGEM ABORTADA
29.408198784747253,20.268858389945308,1,71.07257231165224,96.74252461334444,OK,FALHA,OK,DECOLAGEM ABORTADA
24.960136793416915,22.083828079475524,1,98.86130763604203,102.03811984886951,OK,FALHA,OK,DECOLAGEM ABORTADA
32.39972069445013,-0.4173486842429064,1,73.25388028412203,96.55361789452404,OK,OK,OK,DECOLAGEM ABORTADA
25.38684153823809,17.528226174794032,1,79.2816423244833,101.99893750272764,OK,OK,OK,DECOLAGEM ABORTADA
20.69357899335868,13.180157520022014,1,67.84390850953572,101.38777387856186,OK,OK,OK,DECOLAGEM ABORTADA
32.61562038634828,9.983799901050844,1,84.43120284303073,94.82257981362821,OK,OK,OK,DECOLAGEM ABORTADA
27.694550218423295,17.188997071140452,1,71.22732862063897,97.96730604299303,OK,OK,OK,DECOLAGEM ABORTADA
19.81376922836772,37.976865268495224,1,68.27970313753707,103.58232820914212,OK,OK,OK,DECOLAGEM ABORTADA
24.04830660958196,26.4084286126701,1,80.66290513783916,97.05650340658096,OK,OK,OK,PRONTO PARA DECOLAR
20.621908733076214,14.288210102172032,0,60.22023196641683,98.60678721307184,OK,OK,OK,DECOLAGEM ABORTADA
18.086001345178317,25.725827813561587,1,60.30656130596901,101.38618267975569,OK,OK,OK,DECOLAGEM ABORTADA
